[
  // star1
  {
    "name": "Star 1",
    "type": "toggle",
    "loop": "true",
    "img": "images/star1.png",
    "codes": "star1, 1star, s1"
  },
  // star2
  {
    "name": "Star 2",
    "type": "toggle",
    "loop": "true",
    "img": "images/star2.png",
    "codes": "star2, 2star, s2"
  },
  // star3
  {
    "name": "Star 3",
    "type": "toggle",
    "loop": "true",
    "img": "images/star3.png",
    "codes": "star3, 3star, s3"
  },
  // star4
  {
    "name": "Star 4",
    "type": "toggle",
    "loop": "true",
    "img": "images/star4.png",
    "codes": "star4, 4star, s4"
  },
  // star5
  {
    "name": "Star 5",
    "type": "toggle",
    "loop": "true",
    "img": "images/star5.png",
    "codes": "star5, 5star, s5"
  },
  // star6
  {
    "name": "Star 6",
    "type": "toggle",
    "loop": "true",
    "img": "images/star6.png",
    "codes": "star6, 6star, s6"
  },
  // star7
  {
    "name": "Star 7",
    "type": "toggle",
    "loop": "true",
    "img": "images/star7.png",
    "codes": "star7, 7star, s7"
  },
  // castlekey1
  {
    "name": "Castle Key 1",
    "type": "progressive",
    "stages": [
      {
        "img": "images/castlekey1.png",
        "codes": "key1, castlekey1, castle1, ckey1, 1key, 1ckey"
      },
      {
        "img": "images/castlekey1x.png",
        "codes": "key1, castlekey1, castle1, ckey1, 1key, 1ckey"
      },
    ]
  },
  // castlekey2
  {
    "name": "Castle Key 2",
    "type": "progressive",
    "stages": [
      {
        "img": "images/castlekey2.png",
        "codes": "key2, castlekey2, castle2, ckey2, 2key, 2ckey"
      },
      {
        "img": "images/castlekey2x.png",
        "codes": "key2, castlekey2, castle2, ckey2, 2key, 2ckey"
      },
    ]
  },
  // elderkey
  {
    "name": "Elder Key",
    "type": "progressive",
    "stages": [
      {
        "img": "images/elderkey.png",
        "codes": "ekey, elderkey, keye, elder"
      },
      {
        "img": "images/elderkeyx.png",
        "codes": "ekey, elderkey, keye, elder"
      },
    ]
  },
  // roomkey
  {
    "name": "Room Key",
    "type": "progressive",
    "stages": [
      {
        "img": "images/roomkey.png",
        "codes": "rkey, roomkey, keyr, room"
      },
      {
        "img": "images/roomkeyx.png",
        "codes": "rkey, roomkey, keyr, room"
      },
    ]
  },
  // shedkey
  {
    "name": "Shed Key",
    "type": "progressive",
    "stages": [
      {
        "img": "images/shedkey.png",
        "codes": "skey, shedkey, keys, shed"
      },
      {
        "img": "images/shedkeyx.png",
        "codes": "skey, shedkey, keys, shed"
      },
    ]
  },
  // templekey
  {
    "name": "Temple Key",
    "type": "progressive",
    "stages": [
      {
        "img": "images/templekey.png",
        "codes": "tkey, templekey, keyt, temple"
      },
      {
        "img": "images/templekeyx.png",
        "codes": "tkey, templekey, keyt, temple"
      },
    ]
  },
  // bigbooflag
  {
    "name": "Big Boo Flag",
    "type": "progressive",
    "stages": [
      {
        "img": "images/bigbooflag.png",
        "codes": "bigbooflag, booflag, bbflag, boo, bbf"
      },
      {
        "img": "images/bigbooflagx.png",
        "codes": "bigbooflag, booflag, bbflag, boo, bbf"
      },
    ]
  },
  // drybonesflag
  {
    "name": "Dry Bones Flag",
    "type": "progressive",
    "stages": [
      {
        "img": "images/drybonesflag.png",
        "codes": "drybonesflag, dryflag, bonesflag, dbflag, drybones, bones, dbf"
      },
      {
        "img": "images/drybonesflagx.png",
        "codes": "drybonesflag, dryflag, bonesflag, dbflag, drybones, bones, dbf"
      },
    ]
  },
  // greaperflag
  {
    "name": "Greaper Flag",
    "type": "progressive",
    "stages": [
      {
        "img": "images/greaperflag.png",
        "codes": "greaperflag, greaper, gflag, reaper, ghostflag"
      },
      {
        "img": "images/greaperflagx.png",
        "codes": "greaperflag, greaper, gflag, reaper, ghostflag"
      },
    ]
  },
  // bambinobomb
  {
    "name": "Bambino Bomb",
    "type": "progressive",
    "stages": [
      {
        "img": "images/bambinobomb.png",
        "codes": "bambinobomb, bambino, bomb, bb"
      },
      {
        "img": "images/bambinobombx.png",
        "codes": "bambinobomb, bambino, bomb, bb"
      },
    ]
  },
  // brightcard
  {
    "name": "Bright Card",
    "type": "toggle",
    "loop": "true",
    "img": "images/brightcard.png",
    "codes": "brightcard, bcard, bright, cardb, bc"
  },
  // carbocookie
  {
    "name": "Carbo Cookie",
    "type": "progressive",
    "stages": [
      {
        "img": "images/carbocookie.png",
        "codes": "carbocookie, ccookie, carboc, cook, cookie, carb, cc, biscuit"
      },
      {
        "img": "images/carbocookiex.png",
        "codes": "carbocookie, ccookie, carboc, cook, cookie, carb, cc, biscuit"
      },
    ]
  },
  // membershipcards
  {
    "name": "Membership Cards",
    "type": "progressive",
    "stages": [
      {
        "img": "images/altocard.png",
        "codes": "altocard, acard, carda, alto, card1"
      },
      {
        "img": "images/tenorcard.png",
        "codes": "tenorcard, tcard, cardt, tenor, card2"
      },
      {
        "img": "images/sopranocard.png",
        "codes": "sopranocard, scard, cards, soprano, card3"
      },
    ]
  },
  // cricketjam
  {
    "name": "Cricket Jam",
    "type": "progressive",
    "stages": [
      {
        "img": "images/cricketjam.png",
        "codes": "cricketjam, cjam, cricketj, cj, jam"
      },
      {
        "img": "images/cricketjamx.png",
        "codes": "cricketjam, cjam, cricketj, cj, jam"
      },
    ]
  },

  // cricketpie
  {
    "name": "Cricket Pie",
    "type": "progressive",
    "stages": [
      {
        "img": "images/cricketpie.png",
        "codes": "cricketpie, cpie, cricketp, cp, pie"
      },
      {
        "img": "images/cricketpiex.png",
        "codes": "cricketpie, cpie, cricketp, cp, pie"
      },
    ]
  },

  // fertilizer
  {
    "name": "Fertilizer",
    "type": "progressive",
    "stages": [
      {
        "img": "images/fertilizer.png",
        "codes": "fertilizer, fert, fart, poo, poop"
      },
      {
        "img": "images/fertilizerx.png",
        "codes": "fertilizer, fert, fart, poo, poop"
      },
    ]
  },

  // seed
  {
    "name": "Seed",
    "type": "progressive",
    "stages": [
      {
        "img": "images/seed.png",
        "codes": "seed, bud, flower"
      },
      {
        "img": "images/seedx.png",
        "codes": "seed, bud, flower"
      },
    ]
  },

  // rarefrogcoin
  {
    "name": "Rare Frog Coin",
    "type": "progressive",
    "stages": [
      {
        "img": "images/rarefrogcoin.png",
        "codes": "rarefrogcoin, rarefrog, rarecoin, frogcoin, rare, frog, coin, rfc, fc"
      },
      {
        "img": "images/rarefrogcoinx.png",
        "codes": "rarefrogcoin, rarefrog, rarecoin, frogcoin, rare, frog, coin, rfc, fc"
      },
    ]
  },

  // shinystone
  {
    "name": "Shiny Stone",
    "type": "progressive",
    "stages": [
      {
        "img": "images/shinystone.png",
        "codes": "shinystone, shiny, stone, ss, sstone, shinys"
      },
      {
        "img": "images/shinystonex.png",
        "codes": "shinystone, shiny, stone, ss, sstone, shinys"
      },
    ]
  },
  // bowserportrait
  {
    "name": "Bowser",
    "type": "toggle",
    "loop": "true",
    "img": "images/bowserportrait.png",
    "codes": "bowserportrait, bowser, turtle, bestcharacter"
  },
  // genoportrait
  {
    "name": "Geno",
    "type": "toggle",
    "loop": "true",
    "img": "images/genoportrait.png",
    "codes": "genoportrait, geno, starman, starboy, starsky"
  },
  // mallowportrait
  {
    "name": "Mallow",
    "type": "toggle",
    "loop": "true",
    "img": "images/mallowportrait.png",
    "codes": "mallowportrait, mallow, marshmallow, fluffy, notatadpole, cloud"
  },
  // marioportrait
  {
    "name": "Mario",
    "type": "toggle",
    "loop": "true",
    "img": "images/marioportrait.png",
    "codes": "marioportrait, mario, plumber, jumpy, redluigi"
  },
  // peachportrait
  {
    "name": "Peach",
    "type": "toggle",
    "loop": "true",
    "img": "images/peachportrait.png",
    "codes": "peachportrait, peach, princess, toadstool"
  },
  // hammerbros
  {
    "name": "Hammer Brothers",
    "type": "toggle",
    "loop": "true",
    "img": "images/hammerbros.png",
    "codes": "hammerbros, hammerbrothers, hammer, brothers, bros, hbros"
  },
  // hammerbrosx
  {
    "name": "Hammer Brothers Checked",
    "type": "toggle_badged",
    "base_item": "hammerbros",
    "img": "images/check.png",
    "codes": "hammerbrosx, hammerbrosc, hammerbrothersc, hammerc, brothersc, brosc, hbrosc"
  },
  // croco1
  {
    "name": "Croco 1",
    "type": "toggle",
    "loop": "true",
    "img": "images/croco1.png",
    "codes": "croco1, c1, dino1"
  },
  // croco1x
  {
    "name": "Croco 1 Checked",
    "type": "toggle_badged",
    "base_item": "croco1",
    "img": "images/check.png",
    "codes": "croco1x, croco1c, c1c, dino1c"
  },
  // mack
  {
    "name": "Mack",
    "type": "toggle",
    "loop": "true",
    "img": "images/mack.png",
    "codes": "mack, swordboy, babyexor, pumpkinhead, pumpkin"
  },
  // mackx
  {
    "name": "Mack Checked",
    "type": "toggle_badged",
    "base_item": "mack",
    "img": "images/check.png",
    "codes": "mackx, mackc, swordboyc, babyexorc, pumpkinheadc, pumpkinc"
  },
  // pandorite
  {
    "name": "Pandorite",
    "type": "toggle",
    "loop": "true",
    "img": "images/pandorite.png",
    "codes": "pandorite, pando, chest1, c1"
  },
  // pandoritex
  {
    "name": "Pandorite Checked",
    "type": "toggle_badged",
    "base_item": "pandorite",
    "img": "images/check.png",
    "codes": "pandoritex, pandoritec, pandoc, chest1c, c1c"
  },
  // belome1
  {
    "name": "Belome 1",
    "type": "toggle",
    "loop": "true",
    "img": "images/belome1.png",
    "codes": "belome1, hunger1, starving1, b1"
  },
  // belome1x
  {
    "name": "Belome 1 Checked",
    "type": "toggle_badged",
    "base_item": "belome1",
    "img": "images/check.png",
    "codes": "belome1x, belome1c, hunger1c, starving1c, b1c"
  },
  // bowyer
  {
    "name": "Bowyer",
    "type": "toggle",
    "loop": "true",
    "img": "images/bowyer.png",
    "codes": "bowyer, bow, davidbowie, greenarrow"
  },
  // bowyerx
  {
    "name": "Bowyer Checked",
    "type": "toggle_badged",
    "base_item": "bowyer",
    "img": "images/check.png",
    "codes": "bowyerx, bowyerc, bowc, davidbowiec, greenarrowc"
  },
  // croco2
  {
    "name": "Croco 2",
    "type": "toggle",
    "loop": "true",
    "img": "images/croco2.png",
    "codes": "croco2, c2, dino2"
  },
  // croco2x
  {
    "name": "Croco 2 Checked",
    "type": "toggle_badged",
    "base_item": "croco2",
    "img": "images/check.png",
    "codes": "croco2x, croco2c, c2c, dino2c"
  },
  // punchinello
  {
    "name": "Punchinello",
    "type": "toggle",
    "loop": "true",
    "img": "images/punchinello.png",
    "codes": "punchinello, punchy, bombvoyage, bomber"
  },
  // punchinellox
  {
    "name": "Punchinello Checked",
    "type": "toggle_badged",
    "base_item": "punchinello",
    "img": "images/check.png",
    "codes": "punchinellox, punchinelloc, punchyc, bombvoyagec, bomberc"
  },
  // booster
  {
    "name": "Booster",
    "type": "toggle",
    "loop": "true",
    "img": "images/booster.png",
    "codes": "booster, cakeeater, snifitking, beetlemonger"
  },
  // boosterx
  {
    "name": "Booster Checked",
    "type": "toggle_badged",
    "base_item": "booster",
    "img": "images/check.png",
    "codes": "boosterx, boosterc, cakeeaterc, snifitkingc, beetlemongerc"
  },
  // grateknifeguy
  {
    "name": "Grate Guy and Knife Guy",
    "type": "toggle",
    "loop": "true",
    "img": "images/grateknifeguy.png",
    "codes": "grateknifeguy, grateknifeguys, grateguy, knifeguy, guys, gkg, gg, kg, clowns"
  },
  // grateknifeguyx
  {
    "name": "Grate Guy and Knife Guy Checked",
    "type": "toggle_badged",
    "base_item": "grateknifeguy",
    "img": "images/check.png",
    "codes": "grateknifeguyx, grateknifeguyc, grateknifeguysc, grateguyc, knifeguyc, guysc, gkgc, ggc, kgc, clownsc"
  },
  // bundt
  {
    "name": "Bundt",
    "type": "toggle",
    "loop": "true",
    "img": "images/bundt.png",
    "codes": "bundt, cake, cakeboss, candles, weddingcake"
  },
  // bundtx
  {
    "name": "Bundt Checked",
    "type": "toggle_badged",
    "base_item": "bundt",
    "img": "images/check.png",
    "codes": "bundtx, bundtc, cakec, cakebossc, candlesc, weddingcakec"
  },
  // starhill
  {
    "name": "Star Hill",
    "type": "toggle",
    "loop": "true",
    "img": "images/starhill.png",
    "codes": "starhill, starflower, sh, shill, flower"
  },
  // starhillx
  {
    "name": "Star Hill Checked",
    "type": "toggle_badged",
    "base_item": "starhill",
    "img": "images/check.png",
    "codes": "starhillx, starhillc, starflowerc, shc, shillc, flowerc"
  },
  // kingcalamari
  {
    "name": "King Calamari",
    "type": "toggle",
    "loop": "true",
    "img": "images/kingcalamari.png",
    "codes": "kingcalamari, king, calamari, squid, inky, blooper, kc"
  },
  // kingcalamarix
  {
    "name": "King Calamari Checked",
    "type": "toggle_badged",
    "base_item": "kingcalamari",
    "img": "images/check.png",
    "codes": "kingcalamarix, kingcalamaric, kingc, calamaric, squidc, inkyc, blooperc, kcc"
  },
  // hidon
  {
    "name": "Hiden",
    "type": "toggle",
    "loop": "true",
    "img": "images/hidon.png",
    "codes": "hidon, hidden, chest2"
  },
  // hidonx
  {
    "name": "Hidon Checked",
    "type": "toggle_badged",
    "base_item": "hidon",
    "img": "images/check.png",
    "codes": "hidonx, hidonc, hiddenc, chest2c"
  },
  // johnny
  {
    "name": "Johnathan Jones",
    "type": "toggle",
    "loop": "true",
    "img": "images/johnny.png",
    "codes": "johnny, johnathanjones, jj, jjones, jonathanj, johnathan, shark, sharky"
  },
  // johnnyx
  {
    "name": "Johnathan Jones Checked",
    "type": "toggle_badged",
    "base_item": "johnny",
    "img": "images/check.png",
    "codes": "johnnyx, johnnyc, johnathanjonesc, jjc, jjonesc, jonathanjc, johnathanc, sharkc, sharkyc"
  },
  // yardovich
  {
    "name": "Yardovich",
    "type": "toggle",
    "loop": "true",
    "img": "images/yardovich.png",
    "codes": "yardovich, yard, yarid, spearhead, spear"
  },
  // yardovichx
  {
    "name": "Yardovich Checked",
    "type": "toggle_badged",
    "base_item": "yardovich",
    "img": "images/check.png",
    "codes": "yardovichx, yardovichc, yardc, yaridc, spearheadc, spearc"
  },
  // belome2
  {
    "name": "Belome 2",
    "type": "toggle",
    "loop": "true",
    "img": "images/belome2.png",
    "codes": "belome2, hunger2, starving2, b2"
  },
  // belome2x
  {
    "name": "Belome 2 Checked",
    "type": "toggle_badged",
    "base_item": "belome2",
    "img": "images/check.png",
    "codes": "belome2x, belome2c, hunger2c, starving2c, b2c"
  },
  // jagger
  {
    "name": "Jagger",
    "type": "toggle",
    "loop": "true",
    "img": "images/jagger.png",
    "codes": "jagger, mickjagger, mj, j0, jinx0"
  },
  // jaggerx
  {
    "name": "Jagger Checked",
    "type": "toggle_badged",
    "base_item": "jagger",
    "img": "images/check.png",
    "codes": "jaggerx, jaggerc, mickjaggerc, mjc, j0c, jinx0c"
  },
  // jinx1
  {
    "name": "Jinx 1",
    "type": "toggle",
    "loop": "true",
    "img": "images/jinx1.png",
    "codes": "jinx1, j1, tiny1, greenbelt"
  },
  // jinx1x
  {
    "name": "Jinx 1 Checked",
    "type": "toggle_badged",
    "base_item": "jinx1",
    "img": "images/check.png",
    "codes": "jinx1x, jinx1c, j1c, tiny1c, greenbeltc"
  },
  // jinx2
  {
    "name": "Jinx 2",
    "type": "toggle",
    "loop": "true",
    "img": "images/jinx2.png",
    "codes": "jinx2, j2, tiny2, bluebelt"
  },
  // jinx2x
  {
    "name": "Jinx 2 Checked",
    "type": "toggle_badged",
    "base_item": "jinx2",
    "img": "images/check.png",
    "codes": "jinx2x, jinx2c, j2c, tiny2c, bluebeltc"
  },
  // jinx3
  {
    "name": "Jinx 3",
    "type": "toggle",
    "loop": "true",
    "img": "images/jinx3.png",
    "codes": "jinx3, j3, tiny3, redbelt"
  },
  // jinx3x
  {
    "name": "Jinx 3 Checked",
    "type": "toggle_badged",
    "base_item": "jinx3",
    "img": "images/check.png",
    "codes": "jinx3x, jinx3c, j3c, tiny3c, redbeltc"
  },
  // culex
  {
    "name": "Culex",
    "type": "toggle",
    "loop": "true",
    "img": "images/culex.png",
    "codes": "culex, ff4, bestmusic, crystal, crystals"
  },
  // culexx
  {
    "name": "Culex Checked",
    "type": "toggle_badged",
    "base_item": "culex",
    "img": "images/check.png",
    "codes": "culexx, culexc, ff4c, bestmusicc, crystalc, crystalsc"
  },
  // boxboy
  {
    "name": "Box Boy",
    "type": "toggle",
    "loop": "true",
    "img": "images/boxboy.png",
    "codes": "boxboy, bxb, chest3, c3"
  },
  // boxboyx
  {
    "name": "Box Boy Checked",
    "type": "toggle_badged",
    "base_item": "boxboy",
    "img": "images/check.png",
    "codes": "boxboyx, boxboyc, bxbc, chest3c, c3c"
  },
  // megasmilax
  {
    "name": "Megasmilax",
    "type": "toggle",
    "loop": "true",
    "img": "images/megasmilax.png",
    "codes": "megasmilax, smilax, weed, grass, piranha"
  },
  // megasmilaxx
  {
    "name": "Megasmilax Checked",
    "type": "toggle_badged",
    "base_item": "megasmilax",
    "img": "images/check.png",
    "codes": "megasmilaxx, megasmilaxc, smilaxc, weedc, grassc, piranhac"
  },
  // dodo
  {
    "name": "Dodo",
    "type": "toggle",
    "loop": "true",
    "img": "images/dodo.png",
    "codes": "dodo, dd, featherhead, beaky"
  },
  // dodox
  {
    "name": "Dodo Checked",
    "type": "toggle_badged",
    "base_item": "dodo",
    "img": "images/check.png",
    "codes": "dodox, dodoc, ddc, featherheadc, beakyc"
  },
  // birdo
  {
    "name": "Birdo",
    "type": "toggle",
    "loop": "true",
    "img": "images/birdo.png",
    "codes": "birdo, bird, trashmen, eggs"
  },
  // birdox
  {
    "name": "Birdo Checked",
    "type": "toggle_badged",
    "base_item": "birdo",
    "img": "images/check.png",
    "codes": "birdox, birdoc, birdc, trashmenc, eggsc"
  },
  // valentina
  {
    "name": "Valentina",
    "type": "toggle",
    "loop": "true",
    "img": "images/valentina.png",
    "codes": "valentina, vd, parrothead, wiggles"
  },
  // valentinax
  {
    "name": "Valentina Checked",
    "type": "toggle_badged",
    "base_item": "valentina",
    "img": "images/check.png",
    "codes": "valentinax, valentinac, vdc, parrotheadc, wigglesc"
  },
  // czarzombone
  {
    "name": "Czar Dragon and Zombone",
    "type": "toggle",
    "loop": "true",
    "img": "images/czarzombone.png",
    "codes": "czarzombone, czar, czardragon, dragon, zombone, zombie, cz"
  },
  // czarzombonex
  {
    "name": "Czar Dragon and Zombone Checked",
    "type": "toggle_badged",
    "base_item": "czarzombone",
    "img": "images/check.png",
    "codes": "czarzombonex, czarzombonec, czarc, czardragonc, dragonc, zombonec, zombiec, czc"
  },
  // axemrangers
  {
    "name": "Axem Rangers",
    "type": "toggle",
    "loop": "true",
    "img": "images/axemrangers.png",
    "codes": "axemrangers, axem, rangers, a5, blade, breaker"
  },
  // axemrangersx
  {
    "name": "Axem Rangers Checked",
    "type": "toggle_badged",
    "base_item": "axemrangers",
    "img": "images/check.png",
    "codes": "axemrangersx, axemrangersc, axemc, rangersc, a5c, bladec, breakerc"
  },
  // magikoopa
  {
    "name": "Magikoopa",
    "type": "toggle",
    "loop": "true",
    "img": "images/magikoopa.png",
    "codes": "magikoopa, mk, kamek, babystealer"
  },
  // magikoopax
  {
    "name": "Magikoopa Checked",
    "type": "toggle_badged",
    "base_item": "magikoopa",
    "img": "images/check.png",
    "codes": "magikoopax, magikoopac, mkc, kamekc, babystealerc"
  },
  // boomer
  {
    "name": "Boomer",
    "type": "toggle",
    "loop": "true",
    "img": "images/boomer.png",
    "codes": "boomer, boom, samurai, sam"
  },
  // boomerx
  {
    "name": "Boomer Checked",
    "type": "toggle_badged",
    "base_item": "boomer",
    "img": "images/check.png",
    "codes": "boomerx, boomerc, boomc, samuraic, samc"
  },
  // exor
  {
    "name": "Exor",
    "type": "toggle",
    "loop": "true",
    "img": "images/exor.png",
    "codes": "exor, ex, sword, swordmouth"
  },
  // exorx
  {
    "name": "Exor Checked",
    "type": "toggle_badged",
    "base_item": "exor",
    "img": "images/check.png",
    "codes": "exorx, exorc, exc, swordc, swordmouthc"
  },
  // countdown
  {
    "name": "Countdown",
    "type": "toggle",
    "loop": "true",
    "img": "images/countdown.png",
    "codes": "countdown, cd, clock, dinger"
  },
  // countdownx
  {
    "name": "Countdown Checked",
    "type": "toggle_badged",
    "base_item": "countdown",
    "img": "images/check.png",
    "codes": "countdownx, countdownc, cdc, clockc, dingerc"
  },
  // cloakerdomino
  {
    "name": "Cloaker and Domino",
    "type": "toggle",
    "loop": "true",
    "img": "images/cloakerdomino.png",
    "codes": "cloakerdomino, cloaker, domino, earthlink, madadder, snake, snek"
  },
  // cloakerdominox
  {
    "name": "Cloaker and Domino Checked",
    "type": "toggle_badged",
    "base_item": "cloakerdomino",
    "img": "images/check.png",
    "codes": "cloakerdominox, cloakerdominoc, cloakerc, dominoc, earthlinkc, madadderc, snakec, snekc"
  },
  // clerk
  {
    "name": "Clerk",
    "type": "toggle",
    "loop": "true",
    "img": "images/clerk.png",
    "codes": "clerk, factoryboss1, boss1, fb1"
  },
  // clerkx
  {
    "name": "Clerk Checked",
    "type": "toggle_badged",
    "base_item": "clerk",
    "img": "images/check.png",
    "codes": "clerkx, clerkc, factoryboss1c, boss1c, fb1c"
  },
  // manager
  {
    "name": "Manager",
    "type": "toggle",
    "loop": "true",
    "img": "images/manager.png",
    "codes": "manager, factoryboss2, boss2, fb2"
  },
  // managerx
  {
    "name": "Manager Checked",
    "type": "toggle_badged",
    "base_item": "manager",
    "img": "images/check.png",
    "codes": "managerx, managerc, factoryboss2c, boss2c, fb2c"
  },
  // director
  {
    "name": "Director",
    "type": "toggle",
    "loop": "true",
    "img": "images/director.png",
    "codes": "director, factoryboss3, boss3, fb3"
  },
  // directorx
  {
    "name": "Director Checked",
    "type": "toggle_badged",
    "base_item": "director",
    "img": "images/check.png",
    "codes": "directorx, directorc, factoryboss3c, boss3c, fb3c"
  },
  // gunyolk
  {
    "name": "Gunyolk",
    "type": "toggle",
    "loop": "true",
    "img": "images/gunyolk.png",
    "codes": "gunyolk, gy, guny, gyolk, smelty"
  },
  // gunyolkx
  {
    "name": "Gunyolk Checked",
    "type": "toggle_badged",
    "base_item": "gunyolk",
    "img": "images/check.png",
    "codes": "gunyolkx, gunyolkc, gyc, gunyc, gyolkc, smeltyc"
  },
  // smithy
  {
    "name": "Smithy",
    "type": "toggle",
    "loop": "true",
    "img": "images/smithy.png",
    "codes": "smithy, smitty, blacksmith, bs, finalboss, gameover"
  },
  // smithyx
  {
    "name": "Smithy Checked",
    "type": "toggle_badged",
    "base_item": "smithy",
    "img": "images/check.png",
    "codes": "smithyx, smithyc, smittyc, blacksmithc, bsc, finalbossc, gameoverc"
  },
]