﻿{
  "map_enabled": false,
  "auto_pin_capturing_locations": false,
  "auto_unpin_on_clear": false,
  "layout_swap_left_right": false,
  "allow_resize": false,
  "disabled_image_filter": "grayscale, dim",
  "layouts": {
    "shared_item_grid": {
      "type": "array",
      "h_alignment": "horizontal",
      "content": [
        {
          "type": "array",
          "orientation": "horizontal",
          "content": [
            {
              "type": "itemgrid",
              "h_alignment": "center",
              "item_margin": "0,0",
                          "item_size": 50,
			  "rows": [
                                [ "", "star1", "", "", "" ],
				[ "star6", "star7", "star2", "brightcard", "altocard" ],
                                [ "star5", "star4", "star3", "rarefrogcoin", "carbocookie" ],
				[ "bigbooflag", "drybonesflag", "greaperflag", "cricketpie", "cricketjam" ],
                                [ "castlekey1", "castlekey2", "elderkey", "seed", "fertilizer" ],
                                [ "roomkey", "shedkey", "templekey", "bambinobomb", "shinystone" ],
				[ "marioportrait", "mallowportrait", "genoportrait", "bowserportrait", "peachportrait" ],
              ]
            }
          ]
        }
      ]
    },
    "tracker_capture_item": {
      "type": "container",
      "content": {
        "type": "layout",
        "key": "shared_item_grid"
      }
    },
    "tracker_default": {
      "type": "container",
      "width": 250,
      "height": 350,
      "background": "#000000",
      "content": {
        "dropshadow": false,
        "margin": 0,
        "type": "layout",
        "key": "shared_item_grid"
      }
    }
  }
}
