﻿{
  "map_enabled": false,
  "auto_pin_capturing_locations": false,
  "auto_unpin_on_clear": false,
  "layout_swap_left_right": false,
  "allow_resize": false,
  "disabled_image_filter": "grayscale, dim",
  "layouts": {
    "shared_item_grid": {
      "type": "array",
      "h_alignment": "horizontal",
      "content": [
        {
          "type": "array",
          "orientation": "horizontal",
          "content": [
            {
              "type": "itemgrid",
              "h_alignment": "center",
              "item_margin": "0,0",
                          "item_size": 50,
			  "rows": [
                                [ "", "star1", "", "", "" ],
				[ "star6", "star7", "star2", "brightcard", "altocard" ],
                                [ "star5", "star4", "star3", "rarefrogcoin", "carbocookie" ],
				[ "bigbooflag", "drybonesflag", "greaperflag", "cricketpie", "cricketjam" ],
                                [ "castlekey1", "castlekey2", "elderkey", "seed", "fertilizer" ],
                                [ "roomkey", "shedkey", "templekey", "bambinobomb", "shinystone" ],
				[ "marioportrait", "mallowportrait", "genoportrait", "bowserportrait", "peachportrait" ],
				[ "hammerbrosx", "croco1x", "mackx", "pandoritex", "belome1x" ],
				[ "bowyerx", "croco2x", "punchinellox", "boosterx", "grateknifeguyx" ],
				[ "bundtx", "starhillx", "kingcalamarix", "hidonx", "johnnyx" ],
				[ "yardovichx", "belome2x", "jaggerx", "jinx1x", "jinx2x" ],
				[ "jinx3x", "culexx", "boxboyx", "megasmilaxx", "dodox" ],
				[ "birdox", "valentinax", "czarzombonex", "axemrangersx", "magikoopax" ],
				[ "boomerx", "exorx", "countdownx", "cloakerdominox", "clerkx" ],
				[ "managerx", "directorx", "gunyolkx", "smithyx", "" ]
              ]
            }
          ]
        }
      ]
    },
    "tracker_capture_item": {
      "type": "container",
      "content": {
        "type": "layout",
        "key": "shared_item_grid"
      }
    },
    "tracker_default": {
      "type": "container",
      "width": 250,
      "height": 750,
      "background": "#000000",
      "content": {
        "dropshadow": false,
        "margin": 0,
        "type": "layout",
        "key": "shared_item_grid"
      }
    }
  }
}
